id,name
NY_college_m_Siena,Siena
NY_college_m_Stony_Brook,Stony Brook
NY_college_m_Columbia,Columbia
CT_college_m_Central_Connecticut,Central Connecticut
NY_college_m_Manhattan,Manhattan
NJ_college_m_Monmouth_NJ,Monmouth
NY_college_m_Fordham,Fordham
NJ_college_m_Rider,Rider
NJ_college_m_Seton_Hall,Seton Hall
PA_college_m_Saint_Francis_PA,Saint Francis University
NY_college_m_Marist,Marist
NY_college_m_Colgate,Colgate
NJ_college_m_New_Jersey_Institute_Technolog,NJIT
CT_college_m_Sacred_Heart,Sacred Heart
OH_college_m_John_Carroll,John Carroll
MA_college_m_Williams,Williams
CA_college_m_Claremont_Mudd_Scripps,Claremont-Mudd-Scripps
OH_college_m_Wilmington_OH,Wilmington (Ohio)
WI_college_m_Wis_Whitewater,Wis.-Whitewater
ME_college_m_Colby,Colby
IA_college_m_Wartburg,Wartburg
IL_college_m_U_of_Chicago,U. of Chicago
CA_college_m_Pomona_Pitzer,Pomona-Pitzer
WI_college_m_Wis_La_Crosse,Wis.-La Crosse
MA_college_m_MIT,MIT
IL_college_m_North_Central_IL,North Central (Ill.)
PA_college_m_Carnegie_Mellon,Carnegie Mellon
OH_college_m_Otterbein,Otterbein
CA_college_m_Whittier,Whittier
MN_college_m_Concordia_Moorhead,Concordia-Moorhead
OH_college_m_Franciscan-OH,Franciscan (Ohio)
PA_college_m_Dickinson_College,Dickinson
WA_college_m_Puget_Sound,Puget Sound
MA_college_m_Suffolk,Suffolk
CA_college_m_Redlands,Redlands
NJ_college_m_Ramapo,Ramapo
NY_college_m_RPI,RPI
NY_college_m_Geneseo_St,SUNY Geneseo
NY_college_m_Cortland_St,Cortland St.
TN_college_m_Rhodes,Rhodes
VT_college_m_Middlebury,Middlebury
MO_college_m_Washington_U,Washington U.
OH_college_m_Case_Western,Case Western
WI_college_m_Wis_Eau_Claire,Wis.-Eau Claire
MA_college_m_Amherst,Amherst
MN_college_m_St_Olaf,St. Olaf
MN_college_m_St_Johns_MN,St. John's (Minn.)
VA_college_m_Lynchburg,Lynchburg
PA_college_m_Swarthmore,Swarthmore
MD_college_m_Johns_Hopkins,Johns Hopkins
ME_college_m_Bates,Bates
MA_college_m_Tufts,Tufts
VA_college_m_Southern_Virginia,Southern Virginia
CO_college_m_Colorado_College,Colorado College
OR_college_m_George_Fox,George Fox
WI_college_m_Wis_Oshkosh,Wis.-Oshkosh
IA_college_m_Central_College,Central College
NY_college_m_Vassar,Vassar
OH_college_m_Denison,Denison
CT_college_m_Conn_College,Connecticut College
DC_college_m_Catholic,Catholic
IL_college_m_Augustana_IL,Augustana (Ill.)
MN_college_m_Carleton,Carleton
NY_college_m_Brockport_St,Brockport St.
OH_college_m_Mount_Union,Mount Union
MI_college_m_Calvin,Calvin
CT_college_m_Trinity_CT,Trinity (Conn.)
MN_college_m_Gustavus_Adolphus,Gustavus Adolphus
IA_college_m_Simpson,Simpson (Iowa)
MN_college_m_St_Scholastica,St. Scholastica
KY_college_m_Berea,Berea
OR_college_m_Pacific_OR,Pacific (Ore.)
GA_college_m_Emory,Emory
IA_college_m_Loras,Loras
PA_college_m_Haverford,Haverford
GA_college_m_Berry,Berry
PA_college_m_Messiah,Messiah
NC_college_m_Methodist,Methodist
IA_college_m_Luther,Luther
MA_college_m_WPI,WPI
ME_college_m_Bowdoin,Bowdoin
MI_college_m_Hope,Hope
NY_college_m_St_Lawrence,St. Lawrence
MA_college_m_Babson,Babson
NJ_college_m_Rowan,Rowan
PA_college_m_Elizabethtown,Elizabethtown
OR_college_m_Lewis__Clark,Lewis & Clark
NY_college_m_Delhi,SUNY Delhi
NY_college_m_Rochester,Rochester
NY_college_m_NYU,NYU
PA_college_m_Moravian,Moravian
NY_college_m_Ithaca,Ithaca
IA_college_m_Dubuque,Dubuque
NH_college_m_Plymouth_State,Plymouth State
NJ_college_m_TCNJ,TCNJ
ME_college_m_Husson,Husson
MD_college_m_Salisbury,Salisbury
MA_college_m_Wheaton_MA,Wheaton (Mass.)
WI_college_m_Wis_Stout,Wis.-Stout
MI_college_m_Grand_Valley_St,Grand Valley St.
MI_college_m_Saginaw_Valley,Saginaw Valley
CO_college_m_Colorado_Mines,Colorado Mines
CO_college_m_Adams_State,Adams State
MO_college_m_Missouri_Southern,Missouri Southern
NC_college_m_UNC_Pembroke,UNC Pembroke
NC_college_m_Queens_NC,Queens (N.C.)
MA_college_m_American_Intl,American Int'l
CO_college_m_UC_Colo_Spgs,UC-Colo. Spgs.
FL_college_m_Saint_Leo,Saint Leo
IN_college_m_Southern_Indiana,Southern Indiana
CO_college_m_Colo_Christian,Colo. Christian
SD_college_m_Augustana_SD,Augustana (S.D.)
WV_college_m_Charleston,Charleston (W.V.)
CA_college_m_Chico_State,Chico State
MI_college_m_Wayne_St_MI,Wayne State (Mich.)
AK_college_m_Alaska_Anchorage,Alaska Anchorage
CO_college_m_Western_Colorado,Western Colorado
NM_college_m_New_Mexico_Highlands,New Mexico Highlands
WV_college_m_Concord,Concord
CA_college_m_Fresno_Pacific,Fresno Pacific
TX_college_m_West_Texas_AM,West Texas A&M
TN_college_m_Lee,Lee (Tenn.)
OH_college_m_Walsh,Walsh
NC_college_m_Wingate,Wingate
MN_college_m_Winona_State,Winona State
AL_college_m_Alabama_Huntsville,Alabama-Huntsville
KS_college_m_Emporia_St,Emporia St.
IL_college_m_Lewis,Lewis
PA_college_m_Edinboro,Edinboro
CT_college_m_So_Conn_St,So. Conn. St.
KS_college_m_Fort_Hays_St,Fort Hays St.
FL_college_m_Embry_Riddle,Embry-Riddle
OH_college_m_Cedarville,Cedarville
MO_college_m_Lindenwood,Lindenwood
KS_college_m_Pittsburg_St,Pittsburg St.
MI_college_m_Michigan_Tech,Michigan Tech
MI_college_m_Lake_Superior_State,Lake Superior State
NE_college_m_Nebraska_Kearney,Nebraska-Kearney
MS_college_m_Mississippi_College,Mississippi College
CA_college_m_Cal_Poly_Pomona,Cal Poly Pomona
MO_college_m_NW_Missouri,NW Missouri
MA_college_m_Assumption,Assumption
TX_college_m_Texas_Permian_Basin,UT-Permian Basin
CA_college_m_Cal_St_San_Marcos,Cal St. San Marcos
MO_college_m_Central_Missouri,Central Missouri
NC_college_m_Catawba,Catawba
NY_college_m_Roberts_Wesleyan,Roberts Wesleyan
GA_college_m_Augusta,Augusta
AL_college_m_Montevallo,Montevallo
MA_college_m_Stonehill,Stonehill
CA_college_m_Cal_St_Stanislaus,Stanislaus State
CA_college_m_Azusa_Pacific,Azusa Pacific
PA_college_m_Shippensburg,Shippensburg
OH_college_m_Findlay,Findlay
IL_college_m_Illinois_Springfield,Illinois-Springfield
FL_college_m_Florida_Southern,Florida Southern
MI_college_m_Northwood,Northwood (Mich.)
UT_college_m_BYU,BYU
IA_college_m_Iowa_State,Iowa State
NC_college_m_Campbell,Campbell
CA_college_m_Stanford,Stanford
MI_college_m_Michigan_State,Michigan State
FL_college_m_Florida_State,Florida State
AZ_college_m_Northern_Arizona,Northern Arizona
PA_college_m_Villanova,Villanova
IN_college_m_Notre_Dame_IN,Notre Dame
AR_college_m_Arkansas,Arkansas
UT_college_m_Weber_State,Weber State
OR_college_m_Oregon,Oregon
NC_college_m_Wake_Forest,Wake Forest
OK_college_m_Oklahoma_State,Oklahoma State
MA_college_m_Harvard,Harvard
CO_college_m_Colorado,Colorado
NY_college_m_Iona,Iona
CO_college_m_Air_Force,Air Force
NC_college_m_North_Carolina,North Carolina
WI_college_m_Wisconsin,Wisconsin
TX_college_m_Texas,Texas
NM_college_m_New_Mexico,New Mexico
OK_college_m_Tulsa,Tulsa
WA_college_m_Gonzaga,Gonzaga
WA_college_m_Washington,Washington
MS_college_m_Mississippi,Ole Miss
AL_college_m_Alabama,Alabama
NC_college_m_North_Carolina_St,NC State
OR_college_m_Portland,Portland
NY_college_m_Syracuse,Syracuse
MT_college_m_Montana_State,Montana State
IN_college_m_Butler,Butler
RI_college_m_Providence,Providence
NJ_college_m_Princeton,Princeton
NC_college_m_Charlotte,Charlotte
MN_college_m_Minnesota,Minnesota
UT_college_m_Southern_Utah,Southern Utah
MI_college_m_Michigan,Michigan
IL_college_m_Eastern_Illinois,Eastern Illinois
SC_college_m_Charleston_Southern,Charleston Southern
DC_college_m_Georgetown_DC,Georgetown
SC_college_m_Furman,Furman
AL_college_m_South_Alabama,South Alabama
AR_college_m_Arkansas_State,Arkansas State
TX_college_m_Texas_AM_CC,Texas A&M-CC
PA_college_m_Penn,Penn
TN_college_m_Tennessee,Tennessee
ID_college_m_Boise_State,Boise State
OH_college_m_Cincinnati,Cincinnati
IN_college_m_Purdue,Purdue
IA_college_m_Drake,Drake
TN_college_m_Lipscomb,Lipscomb
TX_college_m_Texas_State,Texas State
NY_college_m_Cornell,Cornell
IN_college_m_Indiana_IN,Indiana
LA_college_m_SE_Louisiana,SE Louisiana
WA_college_m_Washington_State,Washington St.
GA_college_m_Georgia,Georgia
MI_college_m_Eastern_Michigan,Eastern Michigan
IL_college_m_Illinois,Illinois
TN_college_m_Mid_Tenn_State,Mid. Tenn. State
CA_jcollege_m_Mt_SAC,Mt. SAC
CA_jcollege_m_Hartnell,Hartnell
CA_jcollege_m_Chabot,Chabot
CA_jcollege_m_San_Diego_Mesa,San Diego Mesa College
CA_jcollege_m_Riverside,Riverside
CA_jcollege_m_Cuyamaca,Cuyamaca
CA_jcollege_m_De_Anza,De Anza
CA_jcollege_m_Saddleback,Saddleback
CA_jcollege_m_Glendale,Glendale
CA_jcollege_m_Modesto,Modesto
CA_jcollege_m_Bakersfield,Bakersfield
CA_jcollege_m_American_River,American River
CA_jcollege_m_San_Joaquin_Delta,San Joaquin Delta
CA_jcollege_m_Santa_Ana,Santa Ana
CA_jcollege_m_Moorpark,Moorpark
CA_jcollege_m_Santa_Monica,Santa Monica
CA_jcollege_m_Ventura,Ventura
CA_jcollege_m_Orange_Coast,Orange Coast
CA_jcollege_m_Golden_West,Golden West
CA_jcollege_m_San_Bernardino_Valley,San Bernardino Valley
CA_jcollege_m_Cuesta,Cuesta
CA_jcollege_m_Butte,Butte
CA_jcollege_m_Santa_Rosa,Santa Rosa
CA_jcollege_m_Long_Beach,Long Beach
CA_jcollege_m_Sequoias,Sequoias
CA_jcollege_m_Desert,Desert
CA_jcollege_m_Imperial_Valley,Imperial Valley
CA_jcollege_m_Clovis_CC,Clovis CC
CA_jcollege_m_Victor_Valley,Victor Valley
CA_jcollege_m_El_Camino,El Camino
CA_jcollege_m_Monterey_Peninsula,Monterey Peninsula
CA_jcollege_m_Fullerton,Fullerton
CA_jcollege_m_Cerritos,Cerritos
CA_jcollege_m_LA_Harbor,LA Harbor
CA_jcollege_m_San_Mateo,San Mateo
CA_jcollege_m_Diablo_Valley,Diablo Valley
CA_jcollege_m_Sacramento,Sacramento
CA_jcollege_m_Chaffey,Chaffey
CA_jcollege_m_Los_Angeles_Mission_College,Los Angeles Mission
CA_jcollege_m_Pasadena,Pasadena
CA_jcollege_m_Santiago_Canyon,Santiago Canyon
OK_college_m_Oklahoma_City,Oklahoma City
ID_college_m_College_of_Idaho,College of Idaho
MI_college_m_Cornerstone,Cornerstone
KS_college_m_Friends,Friends
OR_college_m_Oregon_Tech,Oregon Tech
KS_college_m_StMary-KS,St. Mary (Kan.)
CA_college_m_University_of_Antelope_Valley,Antelope Valley
ID_college_m_Lewis_Clark,Lewis-Clark
IN_college_m_Huntington,Huntington
TN_college_m_Milligan,Milligan
IN_college_m_Taylor,Taylor
OR_college_m_Eastern_Oregon,Eastern Oregon
IL_college_m_St_Francis_IL,St. Francis (Ill.)
IN_college_m_Grace,Grace
IN_college_m_Indiana_Wesleyan,Indiana Wesleyan
TX_college_m_Wayland_Baptist,Wayland Baptist
IN_college_m_Goshen,Goshen
IL_college_m_Olivet_Nazarene,Olivet Nazarene
NC_college_m_Montreat,Montreat
CA_college_m_The_Masters,The Master's
AZ_college_m_Embry-Riddle_Arizona,Embry-Riddle Arizona
OH_college_m_Shawnee_State,Shawnee State
IA_college_m_Dordt,Dordt
OH_college_m_Rio_Grande,Rio Grande
OR_college_m_Southern_Oregon,Southern Oregon
CA_college_m_Westmont,Westmont
WA_college_m_Northwest_U,Northwest U.
IA_college_m_Grand_View,Grand View
MT_college_m_Rocky_Mountain,Rocky Mountain
IA_college_m_St_Ambrose,St. Ambrose
MO_college_m_Central_Methodist,Central Methodist
IN_college_m_Marian_IN,Marian (Ind.)
KY_college_m_Campbellsville,Campbellsville
LA_college_m_Loyola_New_Orleans,Loyola-New Orleans
KS_college_m_Southwestern_KS,Southwestern (Kan.)
MI_college_m_MichiganDearborn,Michigan-Dearborn
GA_college_m_Life,Life
IA_college_m_Northwestern_IA,Northwestern (Iowa)
WI_college_m_Viterbo,Viterbo
MI_college_m_Aquinas,Aquinas
IN_college_m_Calumet_St_Joseph,Calumet-St. Joseph
KY_college_m_Midway,Midway
MO_college_m_columbia_college,Columbia (Mo.)
CA_college_m_Westcliff_University,Westcliff
CA_college_m_Vanguard,Vanguard
IA_college_m_Graceland,Graceland
IL_college_m_St_Xavier,St. Xavier
TX_college_m_Our_Lady_of_the_Lake,Our Lady of the Lake
NE_college_m_Concordia_NE,Concordia (Neb.)
MO_college_m_St_Louis_Pharmacy,Health Sciences and Pharmacy
MO_college_m_William_Woods,William Woods
KS_college_m_Kansas_Wesleyan,Kansas Wesleyan
KY_college_m_Cumberlands,Cumberlands
MO_college_m_Missouri_Baptist,Missouri Baptist
GA_college_m_Savannah_Coll_of_Art__Design,SCAD Savannah
MI_college_m_Spring_Arbor,Spring Arbor
MT_college_m_Montana_Western,Montana Western
MT_college_m_Carroll_MT,Carroll (Mont.)
IL_college_m_Governors_State_University,Governors State
IL_college_m_Judson,Judson
KS_college_m_Tabor,Tabor
KY_college_m_Lindsey_Wilson,Lindsey Wilson
MS_college_m_William_Carey,William Carey
OK_college_m_Science__Arts,Science & Arts
IN_college_m_Indiana_Tech,Indiana Tech
IN_college_m_Indiana_Kokomo,Indiana Kokomo
FL_college_m_Southeastern_College,Southeastern U.
SD_college_m_Dakota_State,Dakota State
GA_college_m_SCADAtlanta,SCAD Atlanta
OH_college_m_OhioChristian,Ohio Christian
CA_college_m_UC-Merced,UC Merced
TN_college_m_Cumberland,Cumberland (Tenn.)
KY_college_m_Kentucky_Christian,Kentucky Christian
TN_college_m_Bryan,Bryan
CA_college_m_Menlo_College,Menlo College
MT_college_m_MSU-Northern,MSU-Northern
NE_college_m_Bellevue_University,Bellevue
AL_college_m_Stillman,Stillman
SC_college_m_South_Carolina_Beaufort,USC-Beaufort
IN_college_m_St_Mary-of-the-Woods,St. Mary-of-the-Woods
KS_college_m_Haskell_Indian,Haskell Indian
ND_college_m_Dickinson_St,Dickinson St.
KS_college_m_Bethel_KS,Bethel (Kan.)
MO_college_m_Park_U,Park U.
KS_college_m_Benedictine_KS,Benedictine (Kan.)
AL_college_m_Mobile,Mobile
IA_college_m_William_Penn,William Penn
FL_college_m_Ave_Maria,Ave Maria
OR_college_m_Bushnell,Bushnell
NE_college_m_York_NE,York (Neb.)
TN_college_m_Tennessee_Wesleyan,Tennessee Wesleyan
TN_college_m_Bethel_TN,Bethel (Tenn.)
NM_college_m_Southwest,Southwest (N.M.)
MI_college_m_Lawrence_Tech,Lawrence Tech
LA_college_m_Xavier_Louisiana,Xavier-Louisiana
LA_college_m_Dillard,Dillard
IA_jcollege_m_Iowa_Central_CC,Iowa Central CC
KS_jcollege_m_Cloud_County_CC,Cloud County CC
CO_jcollege_m_Trinidad_State_College,Trinidad State
KS_jcollege_m_Northwest_Kansas,Northwest Kansas
KS_jcollege_m_Garden_City_CC,Garden City CC
TX_jcollege_m_El_Paso_CC,El Paso CC
MD_jcollege_m_Hagerstown_CC,Hagerstown CC
FL_jcollege_m_Daytona_State_College,Daytona State College
TX_jcollege_m_South_Plains,South Plains
NE_jcollege_m_Southeast,Southeast CC
NM_jcollege_m_New_Mexico_JC,New Mexico JC
FL_jcollege_m_Tallahassee,Tallahassee CC
IA_jcollege_m_North_Iowa_Area_CC,North Iowa Area CC
KS_jcollege_m_Pratt_CC,Pratt CC
KS_jcollege_m_Allen_County_CC,Allen CC
MI_jcollege_m_St_Clair_CC,St Clair County CC
KS_jcollege_m_Neosho_County_CC,Neosho County CC
AL_jcollege_m_Wallace_State,Wallace State
MI_jcollege_m_Macomb_CC,Macomb CC
IA_jcollege_m_Southeastern_CC,Southeastern CC
AL_jcollege_m_Marion_Military_Institute,Marion Military Institute
TN_jcollege_m_Walters_State_CC,Walters State CC
SC_jcollege_m_Spartanburg_Methodist,Spartanburg Methodist
WI_college_m_Carthage,Carthage
WI_college_m_Edgewood,Edgewood
WI_college_m_Wis_Stevens_Point,Wis.-Stevens Point
WI_college_m_Lawrence,Lawrence
WI_college_m_Milwaukee_Sch_of_Eng,MSOE
WI_college_m_Carroll_WI,Carroll (Wis.)
WI_college_m_Wis_Platteville,Wis.-Platteville
MN_college_m_Bethel_MN,Bethel (Minn.)
WI_college_m_Concordia_WI,Concordia (Wis.)
WI_college_m_Ripon,Ripon
WI_college_m_Wis_Superior,Wis.-Superior
WI_college_m_St_Norbert,St. Norbert
MN_college_m_Augsburg,Augsburg
WI_college_m_Wisconsin_Lutheran,Wisconsin Lutheran
MN_college_m_Macalester,Macalester
MN_college_m_Martin_Luther,Martin Luther
WI_college_m_Wis_River_Falls,Wis.-River Falls
MN_college_m_St_Marys_MN,Saint Mary's (Minn.)
MN_college_m_Hamline,Hamline
MN_college_m_Minnesota_Morris,Minnesota-Morris
MN_college_m_Bethany_Lutheran,Bethany Lutheran
WI_college_m_Lakeland,Lakeland
WI_college_m_Beloit,Beloit
WA_jcollege_m_Green_River_CC,Green River College
OR_jcollege_m_Lane_CC,Lane CC
WA_jcollege_m_Olympic_College,Olympic College
WA_jcollege_m_Whatcom_CC,Whatcom CC
WA_jcollege_m_Spokane_CC,Spokane CC
WA_jcollege_m_Clark_College,Clark College
OR_jcollege_m_Clackamas_CC,Clackamas CC
OR_jcollege_m_SW_Oregon_CC,SW Oregon CC
OR_jcollege_m_Umpqua_CC,Umpqua CC
OR_jcollege_m_Mt_Hood_CC,Mt. Hood CC
OR_jcollege_m_Treasure_Valley_CC,Treasure Valley CC
IA_jcollege_m_Iowa_Western_CC,Iowa Western CC
KS_jcollege_m_Colby_CC,Colby CC
AZ_jcollege_m_Central_Arizona,Central Arizona
KS_jcollege_m_Butler_County_CC,Butler CC
KS_jcollege_m_Hutchinson_CC,Hutchinson CC
ID_jcollege_m_Southern_Idaho,Southern Idaho
IA_jcollege_m_Indian_Hills_CC,Indian Hills CC
NY_jcollege_m_Monroe_College,Monroe College (NR)
NV_jcollege_m_College_of_Southern_Nevada,College of Southern Nevada
TX_jcollege_m_Ranger,Ranger
AZ_jcollege_m_Pima_CC,Pima CC
NJ_jcollege_m_Essex_CC,Essex CC
TX_jcollege_m_Western_Texas_College,Western Texas College
NC_jcollege_m_Louisburg_College,Louisburg College
TX_jcollege_m_North_Central_Texas_College,North Central Texas College
WY_jcollege_m_Central_Wyoming_College,Central Wyoming College
IN_jcollege_m_Vincennes,Vincennes
GA_jcollege_m_Central_Georgia_Tech,Central Georgia Tech
KS_jcollege_m_Dodge_City_CC,Dodge City CC
KS_jcollege_m_Highland_CC,Highland CC
CO_jcollege_m_Colorado_Mountain_College,Colorado Mountain College
IA_jcollege_m_Southwestern_CC,Southwestern CC
TX_jcollege_m_Jacksonville_College,Jacksonville College
DE_jcollege_m_Delaware_Tech_CC,Delaware Tech CC
GA_jcollege_m_South_Georgia_College,South Georgia College
KS_jcollege_m_Cowley_County_CC,Cowley College
IL_jcollege_m_Carl_Sandburg_College,Carl Sandburg College
AZ_jcollege_m_Mesa_CC,Mesa CC
MI_jcollege_m_Grand_Rapids_CC,Grand Rapids CC
MI_jcollege_m_Lansing_CC,Lansing CC
IL_jcollege_m_Heartland_Community_College,Heartland CC
AZ_jcollege_m_Paradise_Valley,Paradise Valley
IA_jcollege_m_Hawkeye_CC,Hawkeye CC
IL_jcollege_m_Moraine_Valley_CC,Moraine Valley CC
AR_jcollege_m_NorthWest_Arkansas,NorthWest Arkansas CC
FL_jcollege_m_Lake_Sumter_State_College,Lake Sumter State College
MO_jcollege_m_Metropolitan_CC,Metropolitan CC
MI_jcollege_m_Mott_CC,Mott CC
FL_jcollege_m_FCC_Jacksonville,FSCJ (Jacksonville)
MI_jcollege_m_Bay_College,Bay College
IL_jcollege_m_Kaskaskia_College,Kaskaskia College
MI_jcollege_m_Oakland_CC,Oakland CC
IL_jcollege_m_College_of_Lake_County,Lake County (CLC)
MT_jcollege_m_Dawson_CC,Dawson CC
MO_jcollege_m_State_Fair_CC,State Fair CC
AR_jcollege_m_UA_Rich_Mountain,UA Rich Mountain
MI_jcollege_m_Southwestern_Michigan_College,SW Michigan
IL_jcollege_m_Oakton_CC,Oakton CC
IL_jcollege_m_Morton_College,Morton College
AZ_jcollege_m_Glendale_CC,Glendale CC
AZ_jcollege_m_Phoenix_College,Phoenix College
WI_jcollege_m_BSC-Wisconsin,Bryant & Stratton (Wisconsin)
MD_jcollege_m_CCBC_Essex,CCBC Essex
IN_jcollege_m_Ancilla,Ancilla College
IL_jcollege_m_Danville_Area_CC,Danville Area CC
IA_jcollege_m_Des_Moines_Area,Des Moines Area
AZ_jcollege_m_Coconino_CC,Coconino CC
MI_jcollege_m_Jackson_CC,Jackson CC
IL_jcollege_m_Sauk_Valley_CC,Sauk Valley CC
WV_jcollege_m_Potomac_State_College,Potomac State College
OK_jcollege_m_Carl_Albert_State_College,Carl Albert State College
VA_college_m_Christopher_Newport,Christopher Newport
VA_college_m_Washington__Lee,Washington and Lee
GA_college_m_Oglethorpe,Oglethorpe
GA_college_m_Piedmont,Piedmont
VA_college_m_Roanoke,Roanoke
VA_college_m_Mary_Washington,Mary Washington
VA_college_m_Eastern_Mennonite,Eastern Mennonite
GA_college_m_Covenant,Covenant
VA_college_m_Averett,Averett
VA_college_m_Randolph,Randolph
VA_college_m_Bridgewater,Bridgewater (Va.)
NC_college_m_Brevard,Brevard
AL_college_m_Birmingham_Southern,Birmingham-Southern
VA_college_m_Hampden_Sydney,Hampden-Sydney
TN_college_m_U_of_the_South,U. of the South
NC_college_m_Pfeiffer,Pfeiffer
VA_college_m_Mary_Baldwin,Mary Baldwin
VA_college_m_Marymount,Marymount (Va.)
PA_college_m_Scranton,Scranton
PA_college_m_Gettysburg,Gettysburg
PA_college_m_Marywood,Marywood
PA_college_m_St_Vincent,St. Vincent (Pa.)
PA_college_m_Lebanon_Valley,Lebanon Valley
PA_college_m_Susquehanna,Susquehanna
PA_college_m_Misericordia,Misericordia
PA_college_m_Washington__Jefferson,Washington & Jefferson
PA_college_m_York_PA,York (Pa.)
MD_college_m_McDaniel,McDaniel
PA_college_m_Alvernia,Alvernia
PA_college_m_Franklin__Marshall,Franklin & Marshall
PA_college_m_Penn_State-Harrisburg,PSU-Harrisburg
PA_college_m_Chatham,Chatham
PA_college_m_Waynesburg,Waynesburg
PA_college_m_Grove_City,Grove City
MD_college_m_St_Marys_Md,St. Mary's (Md.)
PA_college_m_Kings,King's (Pa.)
PA_college_m_Thiel,Thiel
PA_college_m_Wilkes,Wilkes
PA_college_m_Keystone,Keystone
MD_college_m_Hood,Hood
PA_college_m_Juniata,Juniata
PA_college_m_Penn_State_Berks,PSU-Berks
PA_college_m_Geneva,Geneva
MD_college_m_Stevenson,Stevenson
PA_college_m_Penn_College,Penn College
PA_college_m_Lycoming,Lycoming
PA_college_m_Lancaster_Bible,Lancaster Bible
PA_college_m_Clarks Summit,Clarks Summit
NY_college_m_Hamilton,Hamilton
NY_college_m_StJohnFisher,St. John Fisher
NY_college_m_Nazareth,Nazareth
NY_college_m_Cobleskill,SUNY Cobleskill
NY_college_m_RIT,RIT
PA_college_m_Penn_State_Behrend,PSU-Behrend
NY_college_m_Oneonta,Oneonta
NY_college_m_Maritime,SUNY Maritime
NY_college_m_Houghton,Houghton
NY_college_m_Fredonia_St,Fredonia
NY_college_m_Utica,Utica
NY_college_m_Oswego_State,Oswego State
NY_college_m_SUNYIT,SUNY Poly
NY_college_m_Alfred_State,Alfred State
NY_college_m_Hartwick,Hartwick
NY_college_m_Alfred,Alfred
NY_college_m_Hobart,Hobart
NY_college_m_Medaille,Medaille
NY_college_m_John_Jay,John Jay
NY_college_m_USMMA,USMMA
PA_college_m_Ursinus,Ursinus
PA_college_m_Widener,Widener
NY_college_m_St_Josephs_NY,St. Joseph's (L.I.)
NJ_college_m_Rutgers_Newark,Rutgers-Newark
PA_college_m_DeSales,DeSales
NJ_college_m_Stockton,Stockton
NJ_college_m_Stevens,Stevens Institute
PA_college_m_Muhlenberg,Muhlenberg
NJ_college_m_New_Jersey_City,New Jersey City
PA_college_m_Immaculata,Immaculata
PA_college_m_Bryn_Athyn,Bryn Athyn
PA_college_m_Gwynedd_Mercy,Gwynedd-Mercy
PA_college_m_Arcadia,Arcadia
PA_college_m_Valley_Forge_Christian,Valley Forge
NJ_college_m_Rutgers_Camden,Rutgers-Camden
PA_college_m_Cabrini,Cabrini
PA_college_m_Eastern,Eastern
PA_college_m_Philadelphia_Biblical,Cairn
PA_college_m_Penn_State_Abington,PSU-Abington
NJ_college_m_Drew,Drew
MA_college_m_Fitchburg_St,Fitchburg St.
ME_college_m_Southern_Maine,Southern Maine
MA_college_m_UMass_Boston,UMass Boston
NH_college_m_Keene_State,Keene State
MA_college_m_Worcester_State,Worcester State
MA_college_m_Brandeis,Brandeis
MA_college_m_Bridgewater_St,Bridgewater St.
ME_college_m_Thomas_College,Thomas College
MA_college_m_Endicott,Endicott
MA_college_m_Gordon,Gordon
ME_college_m_U_of_New_England,U. of New England
MA_college_m_Framingham_St,Framingham St.
NH_college_m_Colby_Sawyer,Colby-Sawyer
MA_college_m_UMass_Dartmouth,UMass Dartmouth
ME_college_m_Maine_Maritime,Maine Maritime
ME_college_m_Maine_Farmington,Maine-Farmington
ME_college_m_St_Josephs_ME,St. Joseph's (Me.)
MA_college_m_Nichols,Nichols
MA_college_m_Wentworth_Institute_of_Tech,Wentworth
MA_college_m_Emerson,Emerson
MA_college_m_Dean_Mass,Dean (Mass.)
MA_college_m_Emmanuel_MA,Emmanuel (Mass.)
MA_college_m_Clark,Clark (Mass.)
MA_college_m_Regis_MA,Regis (Mass.)
ME_college_m_Maine-Presque_Isle,Maine-Presque Isle
MA_college_m_Lasell,Lasell
NH_college_m_New_England_College,New England College
IN_college_m_Manchester,Manchester
IN_college_m_Trine,Trine
OH_college_m_Wittenberg,Wittenberg
PA_college_m_Allegheny,Allegheny
OH_college_m_Heidelberg,Heidelberg
MI_college_m_Adrian,Adrian
IN_college_m_DePauw,DePauw
KY_college_m_Centre,Centre
OH_college_m_Ohio_Northern,Ohio Northern
IN_college_m_Hanover,Hanover
IN_college_m_Rose_Hulman,Rose-Hulman
IN_college_m_Wabash,Wabash
OH_college_m_Ohio_Wesleyan,Ohio Wesleyan
OH_college_m_Oberlin,Oberlin
IN_college_m_Franklin,Franklin
OH_college_m_Marietta,Marietta
OH_college_m_Kenyon,Kenyon
OH_college_m_Muskingum,Muskingum
OH_college_m_Capital,Capital
IN_college_m_Earlham,Earlham
KY_college_m_Transylvania,Transylvania
KY_college_m_Spalding,Spalding
OH_college_m_Wooster,Wooster
MI_college_m_Alma,Alma
MI_college_m_Albion,Albion
MI_college_m_Olivet,Olivet
OH_college_m_Bluffton,Bluffton
OH_college_m_Baldwin_Wallace,Baldwin Wallace
IN_college_m_Anderson_IN,Anderson (Ind.)
OH_college_m_Defiance,Defiance
OH_college_m_Mount_St_Joseph,Mount St. Joseph
MI_college_m_Kalamazoo,Kalamazoo
IA_college_m_Cornell_College,Cornell College
IL_college_m_Greenville,Greenville
NE_college_m_Nebraska_Wesleyan,Nebraska Wesleyan
IA_college_m_Buena_Vista,Buena Vista
IL_college_m_Millikin,Millikin
MO_college_m_Webster,Webster
IL_college_m_Elmhurst,Elmhurst
IL_college_m_Monmouth_IL,Monmouth (Ill.)
IL_college_m_Wheaton_IL,Wheaton (Ill.)
IL_college_m_Illinois_Wesleyan,Illinois Wesleyan
IA_college_m_Grinnell,Grinnell
IL_college_m_Aurora,Aurora
IL_college_m_North_Park,North Park
IL_college_m_Concordia_IL,Concordia Univ. Chicago
IA_college_m_Coe,Coe
IL_college_m_Illinois_College,Illinois College
IL_college_m_Illinois_Tech,Illinois Tech
IL_college_m_Lake_Forest,Lake Forest
AR_college_m_Ozarks,Ozarks (Ark.)
MO_college_m_Westminster_MO,Westminster (Mo.)
IL_college_m_Principia,Principia
IL_college_m_Rockford,Rockford
IL_college_m_Knox,Knox
IL_college_m_Dominican_IL,Dominican (Ill.)
IL_jcollege_m_Joliet_Junior_College,Joliet Junior College
NY_jcollege_m_Clinton_CC,Clinton CC
MO_jcollege_m_St_Charles_CC,St. Charles CC
NY_jcollege_m_Hudson_Valley_CC,Hudson Valley CC
MO_jcollege_m_Mineral_Area_College,Mineral Area College
NJ_jcollege_m_Brookdale_CC,Brookdale CC
IL_jcollege_m_DuPage,DuPage
PA_jcollege_m_Westmoreland_County_CC,Westmoreland County CC
NY_jcollege_m_Broome_CC,SUNY Broome
NJ_jcollege_m_Ocean_County_College,Ocean County College
NJ_jcollege_m_Bergen_CC,Bergen CC
OH_jcollege_m_Lorain_County_CC,Lorain County CC
MD_jcollege_m_Anne_Arundel_CC,Anne Arundel CC
IL_jcollege_m_Harper_College,Harper College
NY_jcollege_m_Suffolk_CC,Suffolk CC
55566,SUNY Orange
PA_jcollege_m_Thaddeus_Stevens,Thaddeus Stevens
NC_jcollege_m_Central_Carolina_CC,Central Carolina CC
NY_jcollege_m_Finger_Lakes_CC,Finger Lakes CC
PA_jcollege_m_Pennsylvania_Highlands_CC,Pennsylvania Highlands CC
GA_jcollege_m_Georgia_Military_College,Georgia Military College
GA_jcollege_m_Oxford_College,Oxford College
VA_jcollege_m_Southwest_Virginia_CC,Southwest Virginia CC
MI_jcollege_m_Kellogg_CC,Kellogg CC
NY_jcollege_m_Mohawk_Valley_CC,Mohawk Valley CC
NY_jcollege_m_Fashion_Institute_of_Technolog,Fashion Institute of Technolog
NY_jcollege_m_Tompkins_Cortland_CC,Tompkins Cortland CC
VA_jcollege_m_Patrick_Henry_CC,Patrick Henry CC
NY_college_m_New_Paltz_St,New Paltz St.
MA_college_m_Springfield,Springfield
CT_college_m_Eastern_Conn_St,Eastern Conn. St.
NY_college_m_Clarkson,Clarkson
CT_college_m_Wesleyan,Wesleyan
RI_college_m_Roger_Williams,Roger Williams
NY_college_m_Union_NY,Union (N.Y.)
NY_college_m_Plattsburgh_St,Plattsburgh St.
VT_college_m_Lyndon_State,NVU-Lyndon
CT_college_m_Western_Conn_St_Univ,Western Conn. St
MA_college_m_Western_NE,Western NE
RI_college_m_RIC,RIC
MA_college_m_Westfield_State,Westfield State
CT_college_m_St_Joseph_CT,St. Joseph (Conn.)
NY_college_m_Potsdam_St,Potsdam St.
VT_college_m_Norwich,Norwich
NY_college_m_Sage,Sage
RI_college_m_Salve_Regina,Salve Regina
CT_college_m_Mitchell,Mitchell
VT_college_m_Castleton_State,Castleton
NY_college_m_SUNY_Canton,SUNY Canton
CA_college_m_UC_Santa_Cruz,UC Santa Cruz
TX_college_m_LeTourneau,LeTourneau
WA_college_m_Pacific_Lutheran,Pacific Lutheran
CA_college_m_La_Verne,La Verne
CA_college_m_Occidental,Occidental
TX_college_m_Texas_Dallas,UT-Dallas
CA_college_m_Caltech,Caltech
CA_college_m_Chapman,Chapman
TX_college_m_Trinity_TX,Trinity (Tex.)
WA_college_m_Whitman,Whitman
OR_college_m_Willamette,Willamette
TX_college_m_East_Texas_Baptist,East Texas Baptist
OR_college_m_Linfield,Linfield
CA_college_m_Cal_Lutheran,Cal Lutheran
TX_college_m_McMurry,McMurry
WA_college_m_Whitworth,Whitworth
TX_college_m_Hardin_Simmons,Hardin-Simmons
TX_college_m_Southwestern_TX,Southwestern (Tex.)
TX_college_m_Concordia_TX,Concordia (Tex.)
TX_college_m_Sul_Ross_St,Sul Ross St.
UT_college_m_Utah_State,Utah State
CO_college_m_Colorado_State,Colorado St.
UT_college_m_Utah_Valley,Utah Valley
WY_college_m_Wyoming,Wyoming
ID_college_m_Idaho_State,Idaho State
TX_college_m_UTEP,UTEP
NV_college_m_Nevada,Nevada
MT_college_m_Montana,Montana
NM_college_m_New_Mexico_State,New Mexico St.
TX_college_m_Texas_Tech,Texas Tech
TX_college_m_Rice,Rice
TX_college_m_Texas_Pan_American,UT-Rio Grande Valley
TX_college_m_North_Texas,North Texas
TX_college_m_Sam_Houston,Sam Houston
LA_college_m_New_Orleans,New Orleans
LA_college_m_McNeese_State,McNeese State
LA_college_m_LSU,LSU
TX_college_m_Lamar,Lamar
TX_college_m_Incarnate_Word,Incarnate Word
TX_college_m_Texas_AM,Texas A&M
TX_college_m_Houston_Baptist,Houston Baptist
TX_college_m_Baylor,Baylor
TX_college_m_Texas_Arlington,UT-Arlington
LA_college_m_Tulane,Tulane
TX_college_m_Stephen_F_Austin,Stephen F. Austin
AR_college_m_Central_Arkansas,Central Arkansas
TX_college_m_Prairie_View,Prairie View
LA_college_m_Louisiana_Tech,Louisiana Tech
TX_college_m_Houston,Houston
TX_college_m_TCU,TCU
TX_college_m_Abilene_Christian,Abilene Christian
AR_college_m_Little_Rock,Arkansas-Little Rock
TX_college_m_Texas_Southern,Texas Southern
LA_college_m_ULM,UL-Monroe
LA_college_m_Nicholls_State,Nicholls State
TX_college_m_UTSA,UTSA
PA_college_m_Temple,Temple
PA_college_m_Penn_State,Penn State
PA_college_m_Pittsburgh,Pittsburgh
PA_college_m_La_Salle,La Salle
PA_college_m_Bucknell,Bucknell
DC_college_m_George_Washington,George Washington
MD_college_m_Navy,Navy
PA_college_m_St_Josephs_PA,St. Joseph's (Pa.)
DC_college_m_American,American
MD_college_m_Loyola_MD,Loyola (Md.)
PA_college_m_Lehigh,Lehigh
PA_college_m_Duquesne,Duquesne
PA_college_m_Lafayette,Lafayette
MD_college_m_UMBC,UMBC
NJ_college_m_Rutgers,Rutgers
DE_college_m_Delaware_State,Delaware State
WV_college_m_Marshall,Marshall
MD_college_m_Mount_St_Marys,Mount St. Mary's
PA_college_m_Robert_Morris_PA,Robert Morris
MA_college_m_UMass_Lowell,UMass Lowell
MA_college_m_Northeastern,Northeastern
NY_college_m_Binghamton,Binghamton
NH_college_m_Dartmouth,Dartmouth
CT_college_m_Yale,Yale
ME_college_m_Maine,Maine
NY_college_m_Army_West_Point,Army West Point
NY_college_m_Hofstra,Hofstra
MA_college_m_Boston_U,Boston University
RI_college_m_Brown,Brown
NY_college_m_Buffalo,Buffalo
NY_college_m_Canisius,Canisius
NY_college_m_Long Island University,LIU
MA_college_m_Boston_College,Boston College
RI_college_m_Rhode_Island,Rhode Island
VT_college_m_Vermont,Vermont
NH_college_m_New_Hampshire,New Hampshire
MA_college_m_UMass_Amherst,UMass Amherst
CT_college_m_Quinnipiac,Quinnipiac
RI_college_m_Bryant,Bryant
NY_college_m_Albany,Albany
MA_college_m_Holy_Cross,Holy Cross
CT_college_m_Hartford,Hartford
CT_college_m_Fairfield,Fairfield
NY_college_m_Niagara,Niagara
VA_college_m_Virginia_Tech,Virginia Tech
NC_college_m_Duke,Duke
VA_college_m_Virginia,Virginia
KY_college_m_Louisville,Louisville
KY_college_m_Kentucky,Kentucky
NC_college_m_High_Point,High Point
VA_college_m_William__Mary,William and Mary
VA_college_m_Liberty,Liberty
VA_college_m_Richmond,Richmond
VA_college_m_George_Mason,George Mason
NC_college_m_Appalachian_State,Appalachian State
NC_college_m_Elon,Elon
VA_college_m_Va_Military_Institute,VMI
NC_college_m_Davidson,Davidson
NC_college_m_UNC_Greensboro,UNC-Greensboro
NC_college_m_N_Carolina_AT,N. Carolina A&T
NC_college_m_East_Carolina,East Carolina
NC_college_m_UNC_Asheville,UNC-Asheville
KY_college_m_Eastern_Kentucky,Eastern Kentucky
VA_college_m_Radford,Radford
SC_college_m_Wofford,Wofford
SC_college_m_USC_Upstate,USC Upstate
NC_college_m_Western_Carolina,Western Carolina
KY_college_m_Murray_State,Murray State
SC_college_m_Coastal_Carolina,Coastal Carolina
KY_college_m_Morehead_State,Morehead State
VA_college_m_Norfolk_State,Norfolk State
SC_college_m_Winthrop,Winthrop
KY_college_m_Northern_Kentucky,Northern Kentucky
SC_college_m_Citadel,Citadel
SC_college_m_Col_of_Charleston,Col. of Charleston
VA_college_m_Longwood,Longwood
OH_college_m_Ohio_U,Ohio
OH_college_m_Toledo,Toledo
OH_college_m_Miami_OH,Miami (Ohio)
OH_college_m_Kent_State,Kent State
IN_college_m_IUPUI,IUPUI
OH_college_m_Ohio_State,Ohio State
OH_college_m_Dayton,Dayton
OH_college_m_Youngstown_St,Youngstown St.
WI_college_m_Milwaukee,Milwaukee
WI_college_m_Marquette,Marquette
IN_college_m_Indiana_State,Indiana State
MI_college_m_Central_Michigan,Central Michigan
IN_college_m_PFW,Purdue Fort Wayne
OH_college_m_Bowling_Green,Bowling Green
OH_college_m_Xavier,Xavier (Ohio)
MI_college_m_Oakland,Oakland
OH_college_m_Wright_State,Wright State
MI_college_m_Detroit_Mercy,Detroit Mercy
IN_college_m_Valparaiso,Valparaiso
WI_college_m_Wis_Green_Bay,Wis.-Green Bay
IN_college_m_Evansville,Evansville
MO_college_m_Missouri,Missouri
NE_college_m_Nebraska,Nebraska
IL_college_m_Illinois_Chicago,Illinois-Chicago
KS_college_m_Wichita_State,Wichita State
SD_college_m_South_Dakota_St,South Dakota St.
IL_college_m_Bradley,Bradley
KS_college_m_Kansas_State,Kansas State
IA_college_m_Iowa,Iowa
IL_college_m_Loyola_IL,Loyola (Ill.)
MO_college_m_St_Louis_U,Saint Louis
NE_college_m_Creighton,Creighton
KS_college_m_Kansas,Kansas
IL_college_m_DePaul,DePaul
IL_college_m_SIU_Edwardsville,SIU Edwardsville
IL_college_m_Illinois_State,Illinois State
IL_college_m_Southern_Illinois,Southern Illinois
SD_college_m_South_Dakota,South Dakota
IA_college_m_Northern_Iowa,Northern Iowa
ND_college_m_North_Dakota,North Dakota
ND_college_m_North_Dakota_St,North Dakota State
IL_college_m_Chicago_State,Chicago State
MO_college_m_SE_Missouri,SE Missouri
IL_college_m_Western_Illinois,Western Illinois
MO_college_m_Kansas_City,Kansas City
CA_college_m_UC_Santa_Barbara,UC Santa Barbara
CA_college_m_UCLA,UCLA
CA_college_m_Santa_Clara,Santa Clara
CA_college_m_Cal_St_Fullerton,Cal St. Fullerton
CA_college_m_St_Marys_CA,St. Mary's (Cal.)
AZ_college_m_Arizona_State,Arizona State
OR_college_m_Portland_State,Portland State
AZ_college_m_Grand_Canyon,Grand Canyon
CA_college_m_San_Francisco,San Francisco
CA_college_m_Cal_Poly,Cal Poly
CA_college_m_UC_Davis,UC Davis
ID_college_m_Idaho,Idaho
CA_college_m_Pepperdine,Pepperdine
CA_college_m_California_CA,California
CA_college_m_Fresno_State,Fresno State
CA_college_m_Long_Beach_St,Long Beach St.
WA_college_m_Eastern_Washington,Eastern Washington
CA_college_m_Loyola_Marymount,Loyola Marymount
CA_college_m_UC_Irvine,UC Irvine
CA_college_m_San_Diego,San Diego
CA_college_m_Cal_St_Northridge,CSUN
CA_college_m_UC_Riverside,UC Riverside
CA_college_m_Sacramento_St,Sacramento St.
WA_college_m_Seattle_U,Seattle U.
FL_college_m_North_Florida,North Florida
TN_college_m_Vanderbilt,Vanderbilt
AL_college_m_Auburn,Auburn
TN_college_m_Memphis,Memphis
GA_college_m_Georgia_Tech,Georgia Tech
FL_college_m_Florida,Florida
TN_college_m_East_Tenn_St,East Tenn. St.
TN_college_m_Belmont,Belmont
TN_college_m_Tennessee_Martin,Tennessee-Martin
FL_college_m_Florida_Gulf_Coast,Florida Gulf Coast
TN_college_m_Tennessee_Tech,Tennessee Tech
GA_college_m_Kennesaw_State,Kennesaw State
FL_college_m_Stetson,Stetson
GA_college_m_Mercer,Mercer
FL_college_m_South_Florida,South Florida
MS_college_m_Jackson_State,Jackson State
TN_college_m_Chattanooga,Chattanooga
FL_college_m_Florida_Atlantic,Florida Atlantic
AL_college_m_Jacksonville_St,Jacksonville St.
FL_college_m_Miami_FL,Miami (Fla.)
AL_college_m_Troy,Troy
MA_college_m_Mass_Liberal_Arts,Mass. Liberal Arts
NC_college_m_Livingstone,Livingstone
NC_college_m_Winston_Salem_St,Winston-Salem St.
CO_college_m_Mesa_State,Colorado Mesa
OK_college_m_Oklahoma_Christian,Oklahoma Christian
SD_college_m_Black_Hills_St,Black Hills St.
CO_college_m_Fort_Lewis,Fort Lewis
SD_college_m_South_Dakota_Tech,South Dakota Mines
CO_college_m_Metropolitan_St,MSU Denver
NM_college_m_Eastern_New_Mexico,Eastern New Mexico
TX_college_m_Texas_Tyler,UT-Tyler
CO_college_m_Colorado_St_Pueblo,CSU-Pueblo
TX_college_m_TAMU_Commerce,TAMU-Commerce
TX_college_m_Dallas_Baptist,Dallas Baptist
OK_college_m_Cameron,Cameron
TX_college_m_St_Edwards,St. Edward's
TX_college_m_Texas_AM_Intl,Texas A&M-Int'l
NM_college_m_Western_New_Mexico,Western New Mexico
NE_college_m_Chadron_State,Chadron State
TX_college_m_Lubbock_Christian,Lubbock Christian
UT_college_m_Westminster_Utah,Westminster (Utah)
TX_college_m_Angelo_State,Angelo State
AR_college_m_Arkansas-Fort_Smith,UA-Fort Smith
TX_college_m_TAMU_Kingsville,TAMU-Kingsville
CO_college_m_Regis_CO,Regis (Colo.)
GA_college_m_Emmanuel_GA,Emmanuel (Ga.)
TN_college_m_Lincoln_Memorial,Lincoln Memorial
SC_college_m_Anderson_SC,Anderson (S.C.)
FL_college_m_Flagler,Flagler
NC_college_m_Lees_McRae,Lees-McRae
NC_college_m_Mount_Olive,Mount Olive
TN_college_m_Tusculum,Tusculum
GA_college_m_GCSU,Georgia College
GA_college_m_Columbus_St,Columbus St.
NC_college_m_Belmont_Abbey,Belmont Abbey
SC_college_m_North_Greenville,North Greenville
NC_college_m_Lenoir_Rhyne,Lenoir-Rhyne
TN_college_m_King,King
SC_college_m_Converse,Converse
TN_college_m_Carson_Newman,Carson-Newman
SC_college_m_Southern_Wesleyan,Southern Wesleyan
GA_college_m_Young_Harris_College,Young Harris
SC_college_m_Limestone,Limestone
SC_college_m_Newberry,Newberry
SC_college_m_USC_Aiken,USC Aiken
NC_college_m_Mars_Hill,Mars Hill
WV_college_m_Davis__Elkins,Davis & Elkins
WV_college_m_West_Liberty_St,West Liberty
PA_college_m_Lock_Haven,Lock Haven
PA_college_m_Slippery_Rock,Slippery Rock
PA_college_m_Bloomsburg,Bloomsburg
PA_college_m_Indiana_PA,Indiana (Pa.)
PA_college_m_Mercyhurst,Mercyhurst
WV_college_m_Bluefield_St,Bluefield St.
PA_college_m_East_Stroudsburg,East Stroudsburg
PA_college_m_West_Chester,West Chester
PA_college_m_California_PA,California (Pa.)
PA_college_m_Gannon,Gannon
PA_college_m_Seton_Hill,Seton Hill
PA_college_m_Kutztown,Kutztown
WV_college_m_West_Virginia_Wesleyan,West Virginia Wesleyan
PA_college_m_Pitt_Johnstown,Pitt.-Johnstown
WV_college_m_Glenville_St,Glenville St.
PA_college_m_Mansfield,Mansfield
WV_college_m_Fairmont_St,Fairmont St
NC_college_m_St_Augustines,St. Augustine's
WV_college_m_Shephard_University,Shepherd
HI_college_m_Hawaii_Pacific,Hawaii Pacific
CA_college_m_Biola,Biola
WA_college_m_Western_Washington,Western Washington
CA_college_m_Academy_of_Art,Academy of Art
BC_college_m_Simon_Fraser,Simon Fraser
WA_college_m_Seattle_Pacific,Seattle Pacific
OR_college_m_Western_Oregon,Western Oregon
CA_college_m_Cal_St_East_Bay,Cal St. East Bay
MT_college_m_MSU_Billings,MSU-Billings
CA_college_m_Cal_St_Los_Angeles,Cal St. Los Angeles
CA_college_m_Cal_Poly_Humboldt,Humboldt State
CA_college_m_San_Francisco_St,San Francisco St.
CA_college_m_Concordia_CA,Concordia (Cal.)
WA_college_m_St_Martins,Saint Martin's
ID_college_m_Northwest_Nazarene,Northwest Nazarene
CA_college_m_Holy_Names,Holy Names
WA_college_m_Central_Washington,Central Washington
CA_college_m_Cal_St_Monterey_Bay,Cal St. Monterey Bay
AK_college_m_Alaska_Fairbanks,Alaska Fairbanks
TX_college_m_Texas_Wesleyan,Texas Wesleyan
AR_college_m_John_Brown,John Brown
TX_college_m_Southwestern_Assemblies_of_God,Southwestern Assemblies of God
TX_college_m_UNT-Dallas,UNT-Dallas
OK_college_m_Okla_Panhandle,Okla. Panhandle
NY_college_m_Pratt_Institute,Pratt Institute
PA_college_m_Neumann,Neumann
NY_college_m_Morrisville_State,Morrisville State
NY_college_m_Mount_Saint_Mary,Mount Saint Mary
NY_college_m_Manhattanville,Manhattanville
NY_college_m_Hunter,Hunter
NY_college_m_Baruch,Baruch
NY_college_m_CCNY,CCNY
NY_college_m_Purchase,Purchase
NJ_college_m_St_Elizabeth,St. Elizabeth
NJ_college_m_FDU_Florham,FDU-Florham
NH_college_m_Franklin_Pierce,Franklin Pierce
MA_college_m_Bentley,Bentley
NY_college_m_Le_Moyne,Le Moyne
NY_college_m_Adelphi,Adelphi
PA_college_m_Philadelphia_U,Jefferson (Pa.)
NJ_college_m_Caldwell,Caldwell
DE_college_m_Goldey_Beacom,Goldey-Beacom
NY_college_m_Molloy,Molloy
NY_college_m_Daemen,Daemen
CT_college_m_New_Haven,New Haven
NY_college_m_St_Thomas_Aquinas,St. Thomas Aquinas
NJ_college_m_Georgian_Court,Georgian Court
DE_college_m_Wilmington_DE,Wilmington (Del.)
VT_college_m_St_Michaels,St. Michael's
NH_college_m_Southern_New_Hampshire,SNHU
NH_college_m_St_Anselm,St. Anselm
NY_college_m_College_of_St_Rose,Saint Rose
PA_college_m_Chestnut_Hill,Chestnut Hill
NY_college_m_Pace,Pace
KS_college_m_Washburn,Washburn
MN_college_m_Minnesota_Duluth,Minnesota-Duluth
MN_college_m_Minn_St_Mankato,Minnesota State
ND_college_m_U_of_Mary,U-Mary
SD_college_m_Sioux_Falls,Sioux Falls
SD_college_m_Northern_State,Northern State
ND_college_m_Minot_State,Minot State
AR_college_m_Harding,Harding
OK_college_m_East_Central,East Central
MO_college_m_Missouri_Western,Missouri Western
OK_college_m_Oklahoma_Baptist,Oklahoma Baptist
KS_college_m_Newman,Newman
AR_college_m_Ouachita_Baptist,Ouachita Baptist
OK_college_m_Rogers_State,Rogers State
AR_college_m_Southern_Arkansas,Southern Arkansas
OK_college_m_Northwestern_Oklahoma,Northwestern Oklahoma
MN_college_m_MSU_Moorhead,MSU-Moorhead
MN_college_m_Concordia_St_Paul,Concordia-St. Paul
NE_college_m_Wayne_St_NE,Wayne State (Neb.)
MN_college_m_Minnesota-Crookston,Minnesota-Crookston
OK_college_m_Southern_Nazarene,Southern Nazarene
IA_college_m_Upper_Iowa,Upper Iowa
FL_college_m_Florida_College,Florida College
FL_college_m_Florida_National,Florida National
IA_college_m_Iowa_Wesleyan,Iowa Wesleyan
KS_college_m_McPherson,McPherson
KS_college_m_Bethany_KS,Bethany (Kan.)
KS_college_m_Ottawa,Ottawa
OK_college_m_Oklahoma_Wesleyan,Oklahoma Wesleyan
KS_college_m_Sterling,Sterling
MO_college_m_Avila,Avila
IN_college_m_St_Francis_IN,St. Francis (Ind.)
IN_college_m_Bethel_IN,Bethel (Ind.)
OH_college_m_Mount_Vernon_Nazarene,Mount Vernon Nazarene
KY_college_m_Alice_Lloyd,Alice Lloyd
PA_college_m_Point_Park,Point Park
WV_college_m_West_Virginia_Tech,WVU Tech
IN_college_m_Indiana_East,Indiana East
PA_college_m_Carlow,Carlow
IN_college_m_Oakland_City,Oakland City
KY_college_m_Brescia,Brescia
WV_college_m_Ohio_Valley,Ohio Valley
MI_college_m_Cleary,Cleary
MI_college_m_Madonna,Madonna
MI_college_m_Siena_Heights,Siena Heights
OH_college_m_Lourdes,Lourdes
MI_college_m_Rochester_University,Rochester (MI)
MI_college_m_Concordia_MI,Concordia (Mich.)
MI_college_m_Hillsdale,Hillsdale
MO_college_m_Maryville_MO,Maryville (Mo.)
OH_college_m_Tiffin,Tiffin
MO_college_m_Drury,Drury
MO_college_m_Southwest_Baptist,Southwest Baptist
MO_college_m_UMSL,Missouri-St. Louis
MO_college_m_Missouri_ST,Missouri S&T
MO_college_m_Truman_State,Truman
MI_college_m_Ferris_State,Ferris State
OH_college_m_Malone,Malone
IN_college_m_Indianapolis,Indianapolis
IN_college_m_Purdue_Northwest,Purdue Northwest
WI_college_m_Wis_Parkside,Wis.-Parkside
MI_college_m_Davenport,Davenport
TN_college_m_Trevecca_Nazarene,Trevecca Nazarene
OH_college_m_Ashland,Ashland
OH_college_m_Lake_Erie,Lake Erie
OH_college_m_Ohio_Dominican,Ohio Dominican
IL_college_m_Lincoln_College,Lincoln College
WI_college_m_Cardinal_Stritch,Cardinal Stritch
IN_college_m_Indiana_University_Northwest,Indiana Northwest
IL_college_m_Roosevelt,Roosevelt
IL_college_m_Trinity_Christian,Trinity Christian
IN_college_m_Indiana_University_South_Bend,Indiana South Bend
NE_college_m_Doane,Doane
SD_college_m_Mount_Marty,Mount Marty
NE_college_m_Midland_Lutheran,Midland
IA_college_m_Morningside,Morningside
NE_college_m_Hastings,Hastings
IA_college_m_Briar_Cliff,Briar Cliff
SD_college_m_Dakota_Wesleyan,Dakota Wesleyan
ND_college_m_Jamestown_College,Jamestown
MO_college_m_Evangel,Evangel
KS_college_m_MidAmerica_Nazarene,MidAmerica Nazarene
IA_college_m_Mount_Mercy,Mount Mercy
KS_college_m_Baker,Baker
IA_college_m_Clarke,Clarke
MO_college_m_Missouri_Valley,Missouri Valley
NE_college_m_Peru_State,Peru State
MO_college_m_Culver_Stockton,Culver-Stockton
GA_college_m_Reinhardt,Reinhardt
GA_college_m_Point,Point
GA_college_m_Truett-McConnell,Truett-McConnell
SC_college_m_Columbia_SC,Columbia (S.C.)
VA_college_m_Bluefield,Bluefield
KY_college_m_Union_KY,Union (Ky.)
SC_college_m_Columbia_Intl,Columbia Int'l
NC_college_m_St_Andrews,St. Andrews
GA_college_m_Thomas_University_GA,Thomas (Ga.)
FL_college_m_STThomas,St. Thomas (Fla.)
FL_college_m_Warner,Warner
FL_college_m_Kesier,Keiser
FL_college_m_Webber,Webber
TN_college_m_Christian_Bros,Christian Bros.
FL_college_m_West_Florida,West Florida
FL_college_m_Palm_Beach_Atlantic,Palm Beach Atlantic
GA_college_m_Valdosta_State,Valdosta State
FL_college_m_Tampa,Tampa
AL_college_m_AuburnMontgomery,Auburn Montgomery
FL_college_m_Nova_Southeastern,Nova Southeastern
FL_college_m_Lynn,Lynn
SC_college_m_Benedict,Benedict
TN_college_m_Union_TN,Union (Tenn.)
FL_college_m_Florida_Tech,Florida Tech
GA_college_m_West_Georgia,West Georgia
GA_college_m_Morehouse,Morehouse
AL_college_m_Spring_Hill,Spring Hill
GA_college_m_Fort_Valley_State,Fort Valley State
CA_college_m_William_Jessup,William Jessup
AZ_college_m_Arizona_Christian,Arizona Christian
CA_college_m_San_Diego_Christian,San Diego Christian
CA_college_m_hope_intl,Hope Int'l
AZ_college_m_Ottawa_University_AZ,Ottawa (AZ)
CA_college_m_Life_Pacific_University,Life Pacific
TX_college_m_Wiley,Wiley
TX_college_m_Huston_Tillotson,Huston-Tillotson
TX_college_m_Jarvis-Christian,Jarvis Christian
WV_college_m_Wheeling_University,Wheeling
PA_college_m_Westminster_PA,Westminster (Pa.)
OR_college_m_Multnomah,Multnomah
OR_college_m_Corban,Corban
ND_college_m_Valley_City_State,Valley City State
IA_college_m_Waldorf,Waldorf
MT_college_m_Montana_Tech,Montana Tech
MT_college_m_Great_Falls,Providence (Great Falls)
MO_college_m_Hannibal_LaGrange,Hannibal-LaGrange
AR_college_m_Lyon,Lyon
AR_college_m_ Williams Baptist University,Williams Baptist
AR_college_m_Central-Baptist,Central Baptist
TN_college_m_Tennessee_Southern,UT Southern
TN_college_m_Freed_Hardeman,Freed-Hardeman
KY_college_m_Thomas_More,Thomas More
KY_college_m_Georgetown_KY,Georgetown (Ky.)
KY_college_m_Pikeville,Pikeville
MS_college_m_Blue_Mountain,Blue Mountain
GA_college_m_Brewton-Parker,Brewton-Parker
AL_college_m_Talladega_College,Talladega
GA_college_m_Savannah_State,Savannah State
NY_college_m_Brooklyn,Brooklyn
NY_jcollege_m_Queensborough_CC,Queensborough CC
NY_college_m_Lehman,Lehman
NY_college_m_York_NY,York (N.Y.)
NY_college_m_Medgar_Evers,Medgar Evers
MN_college_m_Crown,Crown
MN_college_m_Northwestern_MN,Northwestern (Minn.)
WI_college_m_Northland,Northland
MN_college_m_North_Central_MN,North Central (Minn.)
IL_college_m_Benedictine_IL,Benedictine (Ill.)
WI_college_m_Marian_WI,Marian (Wis.)
VA_college_m_Shenandoah,Shenandoah
VA_college_m_Virginia_Wesleyan,Virginia Wesleyan
VA_college_m_Ferrum_College,Ferrum
NC_college_m_Guilford,Guilford
AL_college_m_Samford,Samford
TX_college_m_ST_Thomas_TX,St. Thomas (Tex.)
TX_college_m_Dallas,Dallas
TX_college_m_Texas_Lutheran,Texas Lutheran
TX_college_m_Schreiner,Schreiner
MS_college_m_Millsaps,Millsaps
AR_college_m_Hendrix,Hendrix
TN_college_m_Austin_Peay,Austin Peay
TN_college_m_Tennessee_St,Tennessee St.
SC_college_m_Bob_Jones,Bob Jones
NC_college_m_Warren_Wilson,Warren Wilson
VA_college_m_Regent,Regent University
NC_college_m_Johnson__Wales_NC,Johnson & Wales (N.C.)
PA_college_m_Delaware_Valley,Delaware Valley
PA_college_m_Albright,Albright
DC_college_m_Gallaudet,Gallaudet
60871,Penn State Club XC
58964,Robert Morris Club Team
NJ_college_m_Centenary_NJ,Centenary (N.J.)
WV_college_m_Bethany_WV,Bethany (W.V.)
MD_jcollege_m_Harford_CC,Harford CC
MD_jcollege_m_Carroll_CC,Carroll CC
MD_jcollege_m_Catonsville,CCBC Catonsville
MD_jcollege_m_Howard_CC,Howard CC
MD_jcollege_m_Allegany_MD,Allegany College of MD
MD_jcollege_m_Cecil_College,Cecil College
MD_jcollege_m_Garrett_College,Garrett College
MN_college_m_St_Thomas,St. Thomas (Minn.)
OK_college_m_Oral_Roberts,Oral Roberts
VA_college_m_VCU,VCU
NY_college_m_St_Bonaventure,St. Bonaventure
NY_jcollege_m_SUNY_Ulster,SUNY Ulster
NY_jcollege_m_Monroe_College_Bronx,Monroe College (Bronx)
NY_jcollege_m_Nassau_CC,Nassau CC
NY_college_m_Buffalo_State,Buffalo State
NY_college_m_Bard,Bard
NY_college_m_Hilbert,Hilbert
PA_college_m_Pitt_Greensburg,Pitt.-Greensburg
PA_college_m_Mount_Aloysius,Mount Aloysius
PA_college_m_La_Roche,La Roche
TX_jcollege_m_Clarendon_College,Clarendon College
TX_jcollege_m_Hill_College,Hill College
AL_college_m_Huntingdon,Huntingdon
NC_college_m_Peace,William Peace
NC_college_m_North_Carolina_Wesleyan,North Carolina Wesleyan
GA_college_m_LaGrange,LaGrange
TN_college_m_Maryville_TN,Maryville (Tenn.)
KY_college_m_Western_Kentucky,Western Kentucky
FL_college_m_Florida_Intl,FIU
MO_college_m_Ozark_Christian_College,Ozark Christian College
KS_college_m_Kansas_Christian,Kansas Christian
IA_college_m_Emmaus_Bible_College,Emmaus Bible
KS_college_m_Manhattan_Christian,Manhattan Christian
MA_college_m_Mass_Maritime,Mass. Maritime
NH_college_m_Rivier,Rivier
MA_college_m_Elms,Elms
KS_jcollege_m_Fort_Scott_CC,Fort Scott CC
KS_jcollege_m_Barton_County_CC,Barton County CC
KS_jcollege_m_Hesston,Hesston
KS_jcollege_m_Coffeyville_CC,Coffeyville CC
NJ_college_m_St_Peters,St. Peter's
KY_college_m_Bellarmine,Bellarmine
AL_college_m_North_Alabama,North Alabama
FL_college_m_Jacksonville,Jacksonville
CA_college_m_California_Baptist,CBU
UT_college_m_Dixie_State,Dixie State
TX_college_m_Tarleton_State,Tarleton State
OK_jcollege_m_Redlands_CC,Redlands CC
AR_jcollege_m_National_Park_College,National Park College
OK_jcollege_m_Connors_State_College,Connors State College
MS_college_m_Belhaven,Belhaven
TX_college_m_UMHB,UMHB
AZ_college_m_Arizona,Arizona
CO_college_m_Northern_Colorado,Northern Colorado
OK_college_m_Oklahoma,Oklahoma
CA_college_m_San_Jose_State,San Jose St.
SC_college_m_Presbyterian,Presbyterian
NC_college_m_Gardner_Webb,Gardner-Webb
VA_college_m_Hampton,Hampton
DC_college_m_Howard,Howard
MD_college_m_Coppin_State,Coppin State
MD_college_m_Morgan_State,Morgan State
NC_college_m_NC_Central,N.C. Central
MD_college_m_Maryland_Eastern_Shore,Maryland-Eastern Shore
SC_college_m_South_Carolina_State,South Carolina St.
AR_college_m_PhilanderSmith,Philander Smith
MS_college_m_Tougaloo,Tougaloo
FL_college_m_Edward_Waters,Edward Waters
TN_college_m_Fisk,Fisk
SC_college_m_Clemson,Clemson
CA_jcollege_m_East_LA,East LA
CA_jcollege_m_Compton,Compton
AZ_jcollege_m_Estrella_Mountain_CC,Estrella Mountain CC
AL_jcollege_m_Calhoun_Community_College,Calhoun CC
AL_jcollege_m_Jefferson_State_CC,Jefferson State CC
LA_college_m_Louisiana_Lafayette,UL-Lafayette
NC_college_m_Shaw,Shaw
VA_college_m_Virginia_Union,Virginia Union
VA_college_m_Virginia_State,Virginia State
MD_college_m_Bowie_State,Bowie State
NC_college_m_Fayetteville_St,Fayetteville St.
NC_college_m_Elizabeth_City_St,Elizabeth City St.
PA_college_m_Lincoln_PA,Lincoln (Pa.)
SC_college_m_Claflin,Claflin
NC_college_m_Johnson_C_Smith,Johnson C. Smith
NY_college_m_Yeshiva,Yeshiva
MS_college_m_Miss_Univ_for_Women,Miss. Univ. for Women
CA_jcollege_m_Fresno,Fresno
CA_jcollege_m_Porterville,Porterville
NJ_college_m_Felician,Felician
PA_college_m_U_of_Sciences,U. of Sciences
PA_college_m_Holy_Family,Holy Family
CT_college_m_Post,Post
NJ_college_m_Bloomfield,Bloomfield
NY_college_m_Nyack,Nyack
NY_college_m_Dominican_NY,Dominican (N.Y.)
NY_college_m_Farmingdale_St,Farmingdale St.
NY_college_m_Sarah_Lawrence,Sarah Lawrence
NY_college_m_Mt_St_Vincent,Mt. St. Vincent
NY_college_m_St_Josephs_College,St. Joseph's (Bklyn)
NY_college_m_Old_Westbury,Old Westbury
MD_college_m_Frostburg_State,Frostburg State
WV_college_m_Alderson_Broaddus,Alderson Broaddus
SC_college_m_Morris,Morris
KY_college_m_Kentucky_Wesleyan,Kentucky Wesleyan
NY_college_m_SUNY-ESF,SUNY-ESF
NY_college_m_Queens_NY,Queens (N.Y.)
CT_college_m_Bridgeport,Bridgeport
NY_jcollege_m_SUNY_Corning_CC,SUNY Corning CC
NY_jcollege_m_Onondaga_CC,Onondaga CC
NY_jcollege_m_Jefferson_Community_College,Jefferson CC
MA_college_m_Eastern_Nazarene,Eastern Nazarene
MA_college_m_Lesley,Lesley
MN_college_m_SW_MN_ST,SW Minnesota St.
SC_college_m_Coker,Coker
VA_college_m_Virginia_Wise,UVA-Wise
SC_college_m_Erskine,Erskine
SC_college_m_Francis_Marion,Francis Marion
NC_college_m_Barton,Barton
NC_college_m_Chowan,Chowan
AL_college_m_West_Alabama,West Alabama
GA_college_m_Shorter,Shorter
MO_college_m_College_of_the_Ozarks,College of the Ozarks
KY_college_m_Asbury_College,Asbury University
TN_college_m_Welch,Welch
IL_college_m_Quincy,Quincy
MO_college_m_Rockhurst,Rockhurst
MO_college_m_William_Jewell,William Jewell
IL_college_m_McKendree,McKendree
CA_college_m_Dominican_Cal,Dominican (Cal.)
HI_college_m_Chaminade,Chaminade
CA_college_m_Simpson_Cal,Simpson (Cal.)
CA_jcollege_m_Shasta,Shasta
CA_college_m_California_Maritime_Academy,Cal Maritime
AZ_college_m_Park_U_Gilbert,Park Gilbert
AR_college_m_Arkansas_Monticello,Arkansas-Monticello
OH_college_m_Central_State,Central State
AL_college_m_Tuskegee,Tuskegee
KY_college_m_Kentucky_State,Kentucky State
GA_college_m_Clark_Atlanta,Clark Atlanta
TN_college_m_Lane,Lane
AL_college_m_Miles,Miles
TN_college_m_LeMoyne_Owen,LeMoyne-Owen
NY_college_m_Wagner,Wagner
MA_college_m_Merrimack,Merrimack
NJ_college_m_Fairleigh_Dickinson,Fairleigh Dickinson
NY_college_m_St_Francis_NY,St. Francis (N.Y.)
NC_college_m_UNC_Wilmington,UNCW
LA_college_m_Northwestern_St,Northwestern St.
SC_college_m_Lander,Lander
GA_college_m_Clayton_State,Clayton State
GA_college_m_Georgia_Southwestern,Georgia Southwestern
57615,Valor TC
CA_college_m_Marymount_College,Marymount California
CA_college_m_Soka,Soka
60384,Cardio Cartel
CA_college_m_La_Sierra,La Sierra
CA_college_m_Pacific_Union,Pacific Union
61020,Raven Alumni
SC_college_m_Allen,Allen
NC_jcollege_m_Cleveland_CC,Cleveland CC
WV_college_m_Salem_Intl,Salem (W.V.)
PA_college_m_PSU-Schuylkill,PSU-Schuylkill
52482,s.w.i.f.t. racing
LA_college_m_Grambling,Grambling
AR_college_m_Arkansas_Pine_Bluff,Arkansas-Pine Bluff
LA_college_m_Southern,Southern
FL_college_m_Bethune_Cookman,Bethune-Cookman
MS_college_m_Mississippi_Valley,Mississippi Valley
AL_college_m_Alabama_State,Alabama State
MS_college_m_Alcorn_State,Alcorn State
57331,Cal Poly DC
61002,Cal Poly Distance Club
CT_college_m_Coast_Guard,Coast Guard
59402,MSURC
IN_college_f_Evansville,Evansville
PA_college_m_PSU-Fayette,PSU-Fayette
CA_college_m_UC_San_Diego,UC San Diego
NY_college_m_DYouville,D'Youville
NY_college_m_Paul_Smiths,Paul Smith's
NY_jcollege_m_SUNY_Erie,SUNY Erie
NY_college_m_Villa_Maria,Villa Maria
NY_college_m_Staten_Island,Staten Island
NY_college_m_Five_Towns_College,Five Towns
NY_college_m_Vaughn,Vaughn
WA_jcollege_m_Everett_CC,Everett CC
60763,Northeastern Technical College
WI_college_m_Maranatha_Baptist,Maranatha Baptist
CA_jcollege_m_San_Diego_City_College,San Diego City College
CA_jcollege_m_Santa_Barbara,Santa Barbara
CA_jcollege_m_Oxnard,Oxnard
CA_jcollege_m_Norco_College,Norco College
CA_jcollege_m_Canyons,Canyons
CA_jcollege_m_Redwoods,Redwoods
CA_jcollege_m_Merritt,Merritt
IL_college_m_Eureka,Eureka
IL_college_m_Blackburn,Blackburn
MO_college_m_Fontbonne,Fontbonne
50894,UC Running Club
52181,Ohio State Running Club
60624,Hocking College
PA_jcollege_m_Manor_College,Manor College
PA_jcollege_m_Valley_Forge_Military,Valley Forge Military
VA_college_m_Emory_Henry,Emory & Henry
53509,Minnesota Running Club
60780,Wildcat Mtn. Running Club
49661,Delaware TC
NJ_jcollege_m_Camden_County_College,Camden County College
MD_college_m_Goucher,Goucher
ME_jcollege_m_Central_Maine_CC,Central Maine CC
ME_jcollege_m_York_County_CC,York County CC
ME_college_m_Maine-Augusta,Maine-Augusta
NY_jcollege_m_Herkimer_County_CC,Herkimer County CC
NY_jcollege_m_Fulton-Montgomery_CC,Fulton-Montgomery CC
NY_college_m_Albany_College_of_Pharmacy,Albany College of Pharmacy
OH_college_m_Kent_State-Trumbull,Kent State-Trumbull
57246,Lehigh Running Club
NJ_jcollege_m_Gloucester_County_College,RC - Gloucester CC
50734,Pacers/GRC New Balance
57335,Philadelphia Runner Track
59581,Moody Park
PA_jcollege_m_Luzerne_County_CC,Luzerne County CC
60948,Belmont Harriers TC
PA_jcollege_m_Harrisburg_Area_CC,Harrisburg Area CC
PA_college_m_Williamson,Williamson
59536,Owls Track Club
NJ_jcollege_m_Rowan_College_Cumberland,Rowan College - Cumberland
60465,AB Sports Performance
MT_college_m_Yellowstone_Christian,Yellowstone Christian
50158,Club Northwest
60958,SS TC
59636,Lawrence Alumni
CA_jcollege_m_Siskiyous,Siskiyous
60448,University of the Pacific
MI_college_m_Grace_Christian,Grace Christian
ND_college_m_Trinity_Bible_College,Trinity Bible College
MN_college_m_Oak_Hills_Christian,Oak Hills Christian
ND_jcollege_m_Nueta_Hidatsa_Sahnish,Nueta Hidatsa Sahnish
tx_college_m_Southwestern_Adventist,Southwestern Adventist
TX_college_m_DallasChristian,Dallas Christian
MD_college_m_Washington_Adventist,Washington Adventist
5731,Wisconsin Track Club
54947,Northwestern University
36293,Valley Vista
59400,Running Club at Iowa State
IA_college_m_Faith_Baptist_Bible,Faith Baptist Bible
NH_jcollege_m_NHTI,NHTI
NJ_jcollege_m_Union_CC,Union CC
OR_college_m_UO_Running_Club,UO Running Club
49850,OSU Running Club
PA_college_m_Penn_State-Brandywine,PSU-Brandywine
MA_jcollege_m_Northern_Essex_CC,Northern Essex CC
NC_jcollege_m_Sandhills_CC,Sandhills CC
IL_jcollege_m_Waubonsee_CC,Waubonsee CC
LA_jcollege_m_Bossier_Parish_CC,Bossier Parish CC
CA_jcollege_m_Southwestern,Southwestern
CA_jcollege_m_San_Jose,San Jose
AZ_jcollege_m_Dine_College_AZ,Dine College (AZ)
IL_jcollege_m_Kishwaukee_College,Kishwaukee College
VA_college_m_Christendom_College,Christendom College
VT_college_m_Vermont_Tech,Vermont Tech
60029,Tohono O'odham CC
FL_jcollege_m_Seminole_CC,Seminole State College
53851,Break Away
51302,Florida Running Club
MN_college_f_Concordia_Moorhead,Concordia-Moorhead
OH_college_m_Wilberforce,Wilberforce
51063,Pitt Club XC
53172,Princeton Running Club
PA_college_m_PSU-Scranton,PSU-Scranton
PA_college_m_PSU-Wilkes_Barre,PSU-Wilkes Barre
SC_college_m_Voorhees,Voorhees
WA_college_m_Walla_Walla_University,Walla Walla University
60420,Railroad Athletics
60830,Calvary University
59279,Running Club at UTK
56382,Mizzou Running Club
54393,LRC Racing
53918,Bradley Running Braves Club
MA_college_m_Hampshire,Hampshire
53546,Penn Running Club Track
44851,Breakneck Track Club
NY_college_m_Bryant_and_Stratton,Bryant & Stratton (Buffalo)
IL_college_f_Olivet_Nazarene,Olivet Nazarene
IL_college_f_Roosevelt,Roosevelt
IL_college_f_Governors_State_University,Governors State
IN_college_f_Indiana_University_Northwest,Indiana University Northwest
IL_jcollege_f_Moraine_Valley_CC,Moraine Valley CC
IN_college_f_Purdue_Northwest,Purdue Northwest
IN_college_f_Indiana_University_South_Bend,Indiana University South Bend
ND_college_f_North_Dakota,North Dakota
60611,FUXC Lite
56746,Ohio Northern Alumni
MS_college_m_Mississippi_St,Miss State
52987,USF Alumni
55767,Bowling Green Track Club
NY_college_f_New_Paltz_St,New Paltz St.
CA_jcollege_m_Allan_Hancock,Allan Hancock
59074,IU Kokomo Alumni
PA_college_m_PSU-Mont_Alto,PSU-Mont Alto
OR_college_m_Warner_Pacific,Warner Pacific
CT_college_m_Connecticut,Connecticut
TX_college_m_Austin_College,Austin College
LA_college_m_Centenary_LA,Centenary (La.)
IA_jcollege_m_Scott_CC,Scott CC
KY_college_m_Campbellsville-Harrodsburg,Campbellsville-Harrodsburg
60211,Capital City Track Club
TX_college_f_Dallas_Baptist,Dallas Baptist
GA_jcollege_m_Andrew_College,Andrew College
TX_college_f_Stephen_F_Austin,Stephen F. Austin
CA_jcollege_m_West_Los_Angeles,West Los Angeles
CA_jcollege_m_Palomar,Palomar
OH_college_m_Akron,Akron
WI_college_m_Holy_Family_WI,Holy Family
RI_college_m_Johnson__Wales_RI,Johnson & Wales (R.I.)
NY_college_m_Keuka,Keuka
DE_college_m_Wesley,Wesley
PA_college_m_Rosemont,Rosemont
FL_college_m_Florida_AM,Florida A&M
PR_college_m_PR_Bayamon,P.R.-Bayamon
IL_college_m_Robert_Morris_IL,Robert Morris (Ill.)
IL_college_m_Trinity_International,Trinity International
KS_college_m_Central_Christian,Central Christian
CA_college_m_Notre_Dame_de_Namur,Notre Dame de Namur
OR_college_m_Concordia_OR,Concordia (Ore.)
OH_college_m_Cincinnati_Christian,Cincinnati Christian
NY_college_m_NYIT,NYIT
FL_college_m_Johnson__Wales_FL,Johnson & Wales (Fla.)
CA_jcollege_m_CCSF,CCSF
IL_college_m_Lindenwood-Belleville,Lindenwood-Belleville
TX_college_m_Paul_Quinn,Paul Quinn
CO_college_m_Johnson+Wales,Johnson & Wales (Colo.)
IL_college_m_MacMurray,MacMurray
53609,Penn State Club XC
LA_college_m_Louisiana_College,Louisiana College
VT_college_m_Johnson_St,NVU-Johnson
NV_college_m_Sierra_Nevada_College,Sierra Nevada College
AZ_college_m_Benedictine_University_Mesa,Benedictine University Mesa
CA_college_m_Providence_Christian,Providence Christian
NY_jcollege_m_Kingsborough_CC,Kingsborough CC
NY_college_m_Concordia_NY,Concordia (N.Y.)
FL_college_m_Rollins,Rollins
IL_jcollege_m_Malcolm_X_College,Malcolm X College
TX_jcollege_m_Odessa,Odessa
ON_college_m_Royal_Military_College,Royal Military College
OH_college_m_Urbana,Urbana
AL_jcollege_m_Lawson_State,Lawson State
57288,LMU Alumni
59724,London Western TFC
GA_college_m_Albany_State,Albany State
GA_college_m_Paine,Paine
NY_jcollege_m_Sullivan_County_CC,Sullivan County CC
NY_jcollege_m_Rockland_CC,Rockland CC
NY_jcollege_m_Westchester,Westchester CC
55094,PDC
53964,UC Davis XC & Track Club
Tn_jcollege_m_Cleveland_State_CC,Cleveland State CC
58919,University of Georgia Club XC
58952,Georgia Elite
LA_college_m_Southern_NO,Southern-NO
MS_college_m_Rust,Rust
MD_jcollege_m_Southern_Maryland,Southern Maryland
AR_college_m_Crowleys_Ridge_College,Crowley's Ridge College
MB_college_m_U_of_Manitoba,U of Manitoba
NJ_jcollege_m_Middlesex_CC,Middlesex CC
NJ_college_m_Army_Prep,Army Prep
59573,Portland Community College
52893,Multnomah University Elite
PA_jcollege_m_CC_Allegheny,CC of Allegheny
PA_jcollege_m_CC_of_Beaver_County,CC of Beaver County
PA_jcollege_f_CC_of_Beaver_County,CC of Beaver County
6667,Cal Coast Track Club
45479,UCSD Alumni
59670,Air Force Prep
AB_college_m_U_Calgary,U. Calgary
53579,Kennesaw State University
KY_jcollege_m_West_Kentucky_CC,West Kentucky CC
MS_jcollege_m_Meridian_CC,Meridian CC
PA_college_m_Penn_State_Allegheny,PSU-Greater Allegheny
NJ_college_m_Berkeley_College_NJ,Berkeley College NJ
PA_college_m_PSU-DuBois,PSU-DuBois
54701,Langley Mustangs
BC_college_m_U_of_Victoria,U. of Victoria
BC_college_m_British_Columbia,British Columbia
WI_college_f_Concordia_WI,Concordia (Wis.)
WI_college_f_Lakeland,Lakeland University
WI_college_f_Wis_Stevens_Point,Wis.-Stevens Point
WI_college_f_Wisconsin_Lutheran,Wisconsin Lutheran
PA_jcollege_m_Harcum,Harcum
NC_college_m_Carolina_University,Piedmont International
56253,Lindsey Wilson JV
OH_jcollege_m_Columbus_State_CC,Columbus State CC
IN_club_m_IUPUC,IUPUC XC Club
59456,Aurora Road Runners
59425,Buff Running Club
56870,Old Zealand
59634,Iowa Track and Field Club
57000,ISU Running Club
ME_college_m_Maine_Machias,Maine-Machias
NY_jcollege_m_Cayuga_CC,Cayuga CC
9491,Guelph
ON_college_m_Queens_University,Queen's University
ON_college_m_Toronto,Toronto
10660,Delaware Valley
58838,Brown University Running Club
RI_jcollege_m_CC_Rhode_Island,CC Rhode Island
MA_jcollege_m_MassBay_CC,MassBay CC
TX_college_m_Texas_College,Texas College
49895,Marquette Running Club
NM_college_m_Navajo_Technical_College,Navajo Tech
ON_college_m_Lakehead,Lakehead University
PA_jcollege_m_Lackawanna_College,Lackawanna College
NJ_jcollege_m_Salem_CC,Salem CC
ON_college_m_McMaster,McMaster
ON_college_m_Western_Ontario,Western Ontario
ON_college_m_Windsor,Windsor
NY_college_m_Elmira_College,Elmira College
NY_jcollege_m_SUNY_Jefferson,SUNY Jefferson
PA_jcollege_m_Bucks_County_CC,Bucks County CC
PA_jcollege_m_CC_of_Philadelphia,CC of Philadelphia
59218,Kansas City Smoke TC
OK_college_m_Bacone,Bacone
53139,Texas Running Club
FL_college_m_University_of_The_Bahamas,University of The Bahamas
KS_college_m_Barclay,Barclay
58145,Washtenaw Community College
AB_college_m_Lethbridge_College,Lethbridge College
59342,Atlanta Track Club
55402,SJU Track Club
59286,Plains Road TC
53258,Miami University Running Club
PA_college_f_Kutztown,Kutztown
55091,Bearcat Track Club
BC_college_m_Trinity_Western,Trinity Western
56853,Illinois Cross Country Club
50190,MSU Running Club
MI_jcollege_m_Alpena_CC,Alpena CC
MI_jcollege_m_Mid_Michigan,Mid Michigan CC
ON_college_m_Waterloo,Waterloo
PA_jcollege_m_Mercyhurst_North_East,Mercyhurst North East
OH_jcollege_m_Bryant__Stratton_Ohio,Bryant and Stratton
54773,SDSU Alumni
59015,Adams State Swim Team
CT_college_f_Quinnipiac,Quinnipiac
58931,Club Alliance
58999,Cincinnatus Elite
NY_college_m_Cazenovia,Cazenovia
MI_jcollege_m_Muskegon_CC,Muskegon CC
